KODE,NAMA BAHAN,SUMBER,ENERGI,PROTEIN,LEMAK,KH,SERAT,Cluster
GP043,"Ikan Teri, kering, tawar, mentah",DABM-60/64,331.0,68.7,4.2,0.0,0.0,1
GP051,"Udang kering, mentah",KZGMI-2001,278.0,62.6,4.1,2.2,0.0,1
GP032,"Ikan sale lais, mentah",KZGPI- 1990,415.0,61.3,17.6,2.9,0.0,1
GP039,"Ikan, tepung, mentah",KZGPI- 1990,316.0,60.0,6.5,22.4,0.0,1
GP041,"Ikan Teri, bubuk, mentah",DABM-60/64,277.0,60.0,2.3,1.8,0.0,1
GP047,"Rebon, kering, mentah",DABM-60/64,299.0,59.4,3.6,3.2,0.0,1
GP012,"Ikan Gabus, kering",DABM- 1964,268.0,58.0,4.0,0.0,0.0,1
GP059,"Dendeng belut, goreng, masakan",KZGPI- 1990,382.0,55.7,14.1,8.0,0.0,1
FP014,"Sapi, daging, dendeng, mentah",DABM-1964,301.0,55.0,9.0,0.0,0.0,1
CP037,Kembang tahu,KZGPI- 1990,380.0,48.9,13.8,23.3,0.0,1
GP044,"Ikan Teri, tepung, mentah",KZGPI- 1990,347.0,48.8,6.4,19.6,0.0,1
GP070,"Jambal goreng, masakan",KZGMS-1993,286.0,48.5,9.2,2.3,0.0,1
GP052,"Udang papay, mentah",KZGMI-2001,273.0,47.8,3.8,12.5,0.0,1
GP020,Ikan mujahir goreng,KZGPI- 1990,416.0,46.9,23.9,0.0,0.0,1
CR048,"Lamtoro var, gung tanpa kulit",KZGPI- 1990,367.0,46.4,5.4,32.5,2.6,1
GP014,"Ikan hiu, kering",KZGMI-2001,298.0,46.3,3.6,20.2,0.0,1
FP002,"Ayam, usus, goreng",KZGPI-1990,473.0,45.2,26.3,13.9,0.0,1
CP021,Bungkil kacang tanah,DABM-1964,365.0,45.0,13.0,17.0,0.0,1
GP004,"Ikan asin, kering",DABM- 1964,193.0,42.0,1.5,0.0,0.0,1
GP046,"Kerang, dendeng, mentah",KZGPI- 1990,357.0,41.1,10.0,25.6,0.0,1
GP003,"Cumi-cumi, goreng",KZGPI- 1990,265.0,40.6,10.1,0.0,0.0,1
CR017,"Kacang kedelai, kering",KZGPI-1990,381.0,40.4,16.7,24.9,3.2,1
GP018,"Ikan lomak asin, mentah",KZGMI-2001,258.0,40.3,2.3,18.9,0.0,1
FP028,Ayam goreng mbok berek dada,KZGPI- 1990,295.0,39.2,13.6,1.0,0.0,1
GP045,"Kerang, asap, mentah",KZGMI-2001,393.0,38.9,13.3,29.4,0.0,1
GP011,"Ikan Gabus asap, mentah",KZGMI-2001,261.0,38.1,2.3,21.9,0.0,1
GP037,"Ikan sepat, kering, mentah",DABM-60/64,289.0,38.0,14.0,0.0,0.0,1
GP036,"Ikan selar, kering, mentah",DABM-60/64,194.0,38.0,3.5,0.0,0.0,1
FP029,"Ayam goreng pasundan, dada",KZGPI-1990,246.0,37.9,9.0,0.7,0.0,1
FP031,"Ayam goreng pioneer, dada",KZGPI-1990,295.0,37.4,14.7,0.6,0.0,1
FP024,"Ayam goreng kalasan, paha",KZGPI- 1990,275.0,37.4,12.2,1.3,0.0,1
FP032,"Ayam goreng sukabumi, dada",KZGPI-1990,244.0,36.7,9.2,1.0,0.0,1
GP009,"Ikan cakalang asin, mentah",KZGPI- 1990,198.0,36.5,2.2,5.5,0.0,1
FP046,"Empal (daging) Goreng, masakan",KZGMS-1993,248.0,36.2,6.9,10.1,0.0,1
FP027,"Ayam goreng Kentucky,sayap",KZGPI- 1990,297.0,35.9,15.2,1.6,0.0,1
FP033,"Ayam goreng sukabumi, paha",KZGPI-1990,283.0,35.7,14.3,0.5,0.0,1
FP021,"Ayam goreng church texas, dada",KZGPI- 1990,338.0,35.2,20.6,0.4,0.0,1
FP025,"Ayam goreng kentucky, dada",KZGPI- 1990,298.0,34.2,16.8,0.1,0.0,1
GP008,"Ikan cakalang asap, mentah",KZGMI-2001,204.0,34.2,5.6,1.9,0.0,1
GP033,"Ikan saluang, kering, mentah",KZGMI-2001,284.0,34.1,9.9,14.6,0.0,1
GP038,"Ikan sunu, asin, mentah",,199.0,34.1,3.8,7.1,0.0,1
FP023,"Ayam goreng church texas, sayap",KZGPI- 1990,295.0,34.0,16.0,1.5,0.0,1
GP042,"Ikan teri, kering, mentah",DABM-60/64,170.0,33.4,3.0,0.8,0.0,1
FP030,"Ayam goreng pasundan, paha",KZGPI-1990,245.0,33.1,11.4,0.3,0.0,1
GP040,"Ikan Teri nasi, kering, mentah",DABM-60/64,144.0,32.5,0.6,0.0,0.0,0
FP001,"Ayam, ampela, goreng",KZGMS-1993,270.0,32.3,11.2,9.9,0.0,1
FP026,"Ayam goreng Kentucky, paha",KZGPI- 1990,286.0,32.1,16.1,1.1,0.0,1
FP013,"Sapi, daging, asap",DABM-1964,182.0,32.0,6.0,0.0,0.0,1
GP026,"Ikan pepetek, mentah",DABM-60/64,176.0,32.0,4.4,2.0,0.0,1
GP015,"Ikan katombo, asin",KZGPI- 1990,162.0,31.7,2.8,0.3,0.0,1
FP022,"Ayam goreng church,texas paha",KZGPI- 1990,287.0,31.0,15.7,1.7,0.0,1
GP028,"Ikan Pindang benggol, mentah",DABM-60/64,170.0,31.0,4.2,0.0,0.0,1
CR018,"Kacang kedelai, segar",DABM-1964,286.0,30.2,15.6,30.1,2.9,1
CP059,"Saridele, bubuk",DABM-1964,344.0,30.0,20.0,43.0,6.2,1
CP020,Bungkil biji karet,DABM-1964,210.0,30.0,10.0,10.0,0.0,1
GP029,"Ikan Pindang layang, mentah",DABM-60/64,153.0,30.0,2.8,0.0,0.0,1
GP027,"Ikan Pindang banjar, mentah",DABM-60/64,157.0,28.0,4.2,1.8,0.0,1
GP025,"Ikan peda banjar, mentah",DABM- 1964,156.0,28.0,4.0,2.0,0.0,1
FR007,"Ayam, hati, segar",KZGMS-1993,261.0,27.4,16.1,1.6,0.0,1
GP054,Abon ikan,KZGMI-2001,435.0,27.2,20.2,36.1,0.0,1
GP035,"Ikan selar kuning, cue, mentah",DABM- 1964,138.0,27.0,3.3,0.0,0.0,0
GP030,"Ikan Pindang selar, mentah",DABM-60/64,142.0,27.0,3.0,0.0,0.0,0
GP002,"Belut, goreng",KZGPI- 1990,417.0,25.9,19.4,32.0,0.0,1
CR007,"Kacang endel, biji, kering",DABM-1964,331.0,25.0,1.0,58.0,23.6,2
CP076,"Tempe kedelai murni, goreng",KZGPI- 1990,350.0,24.5,26.6,10.4,4.2,1
CR033,"Kacang tolo / tunggak, kering",KZGPI- l990,331.0,24.4,1.9,56.6,1.6,2
FP003,"Bebek, daging, goreng",KZGMI-2001,300.0,24.0,20.7,4.5,0.0,1
CR041,"Koro benguk, biji, kering",DABM-1964,332.0,24.0,3.0,55.0,5.6,2
CR001,"Kacang arab, kering",DABM-1964,330.0,23.8,1.4,60.2,17.4,2
CR049,"Lamtoro var, lokal dengan kulit",KZGPI- 1990,336.0,23.8,1.2,59.7,15.4,2
GP093,"Teri belado, masakan",KZGPI- 1990,365.0,23.7,22.3,17.5,0.0,1
CR035,"Kacang uci, kering",KZGPI- l990,358.0,23.4,2.4,60.6,7.4,2
GP013,"Ikan gete, goreng",KZGMI-2001,267.0,23.1,19.4,0.2,0.0,1
CR009,"kacang galing, segar",DABM-1964,336.0,23.1,1.7,59.5,0.0,2
CP022,Bungkil kelapa,DABM-1964,36.0,23.0,15.0,35.0,0.0,1
CR014,"Kacang hijau, kering",KZGPI-1990,323.0,22.9,1.5,56.8,7.5,2
FP062,"Rendang sapi, masakan",KZGPI-1990,193.0,22.6,7.9,7.8,0.0,1
GR024,"Ikan ekor kuning, segar",KZGMI-2001,108.0,22.3,1.2,2.1,0.0,0
CR045,"Koro wedus, biji, kering",DABM-1964,338.0,22.2,1.5,61.0,5.8,2
CR026,"Kacang merah, kering",KZGPI- l990,314.0,22.1,1.1,56.2,4.0,2
GR039,"Ikan layang, segar",DABM- 1964,109.0,22.0,1.7,0.0,0.0,0
GP034,"Ikan sanggang, masakan",KZGMI-2001,240.0,21.7,7.7,20.7,0.0,1
GP021,Ikan Mujahir pepes,KZGPI- 1990,121.0,21.7,2.8,0.8,0.0,0
GP049,Sardines dalam kaleng,DABM-60/64,338.0,21.1,27.0,1.0,0.0,1
GR084,"Udang, segar",DABM- 1964,91.0,21.0,0.2,0.1,0.0,0
CP077,"Tempe kedelai murni, mentah",KZGPI- 1990,201.0,20.8,8.8,13.5,1.4,1
CR013,"Kacang hijau var, siwalik, kering",KZGPI-1990,339.0,20.8,2.1,64.6,7.4,2
HP004,"Ikan, telur, asin, mentah",KZGMI-2001,358.0,20.7,26.4,9.4,0.0,1
CR010,"Kacang gude, biji, kering",KZGPI-1990,316.0,20.7,1.0,58.0,4.6,2
CR040,"Koro andong, kering",KZGPI- 1990,356.0,20.5,4.1,61.6,7.0,2
CP007,"Kacang kedelai, rebus",KZGPI-1990,189.0,20.2,8.2,12.7,1.6,1
GP058,Cakalang asar (asap),KZGMI-2001,155.0,20.1,3.8,10.2,0.0,0
HP003,"Telur bebek, dadar, masakan",KZGPI-1990,301.0,20.0,23.7,0.0,0.0,1
GR030,"Ikan kakap, segar",DABM- 1964,92.0,20.0,0.7,0.0,0.0,0
GR057,"Ikan sarden, segar",KZGMI-2001,109.0,19.9,1.8,3.4,0.0,0
GR033,"Ikan kamera (kakap merah), segar",KZGMI-2001,86.0,19.7,0.8,0.0,0.0,0
FR025,"Sapi, daging, kurus, segar",DABM-1964,174.0,19.6,10.0,0.0,0.0,1
FR026,"Sapi, daging, lemak sedang, segar",DABM-1964,201.0,18.8,14.0,0.0,0.0,1
GR058,"Ikan selar, segar",DABM- 1964,100.0,18.8,2.2,0.0,0.0,0
GR048,"Ikan mujahir, segar",KZGPI- 1990,89.0,18.7,1.0,0.0,0.0,0
FR021,"Kerbau, daging, segar",DABM-1964,79.0,18.7,0.5,0.0,0.0,0
FR005,"Ayam, daging, segar",DABM-1964,298.0,18.2,25.0,0.0,0.0,1
FP034,"Ayam taliwang, masakan",KZGMI-2001,264.0,18.2,20.1,2.7,0.0,1
FP011,"Sapi, abon",KZGPI-1990,212.0,18.0,10.6,59.3,7.5,1
GP007,Ikan Belida bakar,KZGMI-2001,128.0,18.0,3.0,7.2,0.0,0
GR040,"Ikan layur, segar",KZGPI- 1990,82.0,18.0,1.0,0.4,0.0,0
GR047,"Ikan mayong, segar",KZGPI- 1990,97.0,17.9,2.0,0.4,0.0,0
GP075,"Mujahir acar kuning, masakan",KZGPI- 1990,330.0,17.8,23.4,12.1,1.1,1
GP006,Ikan baung bakar,KZGMI-2001,144.0,17.8,5.8,5.2,0.0,0
CP025,Emping komak,KZGMI-2001,355.0,17.8,4.6,60.7,0.0,2
GP069,"Ikan asar merah, masakan",KZGMI-2001,146.0,17.7,5.9,5.6,0.0,0
GP023,"Ikan Papuyu, bakar",KZGMI-2001,152.0,17.6,6.1,6.7,0.0,0
FR023,"Sapi, babat, segar",DABM-1964,108.0,17.6,4.2,0.0,0.0,0
FR024,"Sapi, daging, gemuk, segar",DABM-1964,273.0,17.5,22.0,0.0,0.0,1
CP074,Tempe kacang belimbing,KZGPI- 1990,212.0,17.5,10.0,12.9,2.9,1
GP017,Ikan Lais bakar,KZGMI-2001,147.0,17.5,6.5,5.4,0.0,0
GP024,"Ikan Patin, bakar",KZGMI-2001,144.0,17.5,6.3,4.3,0.0,0
CR029,"Kacang panjang, biji, kering",DABM-1964,357.0,17.3,1.5,68.6,10.6,2
GP005,"Ikan bandeng presto, masakan",KZGPI- 1990,296.0,17.1,20.3,11.3,0.0,1
FR017,"Domba, daging, kurus, segar",DABM-1964,202.0,17.1,14.8,0.0,0.0,1
CR012,"Kacang hijau var, bakti, kering",KZGPI-1990,350.0,17.1,1.8,70.7,5.7,2
HR006,"Telur bebek, bagian kuning, segar",DABM-1964,386.0,17.0,35.0,0.8,0.0,1
GR053,"Ikan patin, segar",KZGMI-2001,132.0,17.0,6.6,1.1,0.0,0
CR021,"Kacang kuning, kering",KZGMI-2001,355.0,17.0,2.5,66.0,15.1,2
CP001,"Kacang belimbing, rebus",KZGPI-1990,204.0,16.9,8.8,17.5,4.8,1
CR023,"Kacang mentega, kering",KZGMI-2001,344.0,16.7,2.1,64.6,13.0,2
CR025,"Kacang merah tua, kering",KZGPI- l990,280.0,16.7,1.6,63.2,4.6,2
FR019,"Kambing, daging, segar",DABM-1964,149.0,16.6,9.2,0.0,0.0,0
CR015,"Kacang hitam, kering",KZGMI-2001,346.0,16.6,1.7,66.1,22.8,2
GP065,"Gulai ikan, masakan",KZGMS-1993,106.0,16.5,3.3,2.5,0.0,0
CR022,"Kacang lebui /iris, kering",KZGMI-2001,346.0,16.5,1.5,66.6,37.3,2
GR082,"Udang galah, segar",KZGMI-2001,81.0,16.5,0.3,3.0,0.0,0
CR020,"Kacang komak, segar",KZGMI-2001,327.0,16.4,4.3,55.8,0.5,2
HR003,"Telur ayam ras, bagian kuning, segar",DABM-1964,355.0,16.3,31.9,0.7,0.0,1
HP001,"Telur ayam, dadar, masakan",KZGPI-1990,251.0,16.3,19.4,1.4,0.0,1
GR080,"Rebon, udang kecil, segar",DABM- 1964,81.0,16.2,1.2,0.7,0.0,0
GR025,"Ikan gabus, segar",KZGMI-2001,80.0,16.2,0.5,2.6,0.0,0
CP084,Tepung hunkwe (pati kacang ijo),DABM-1964,83.5,16.1,1.0,50.0,100.0,0
FR012,"Bebek (itik), daging, segar",DABM-1964,321.0,16.0,28.6,0.0,0.0,1
FP015,"Sapi, daging, kornet",DABM-1964,289.0,16.0,25.0,0.0,0.0,1
FP049,"Kalio ayam, masakan",KZGMS-1993,203.0,16.0,13.5,4.4,0.0,1
CR005,"Kacang bogor, kering",DABM-1964,370.0,16.0,6.0,65.0,26.3,2
GR046,"Ikan mas, segar",DABM- 1964,86.0,16.0,2.0,0.0,0.0,0
DR087,"Jamur kuping, kering",DABM-1964,294.0,16.0,0.9,64.6,46.5,2
FR016,"Domba, daging, gemuk, segar",DABM-1964,317.0,15.7,27.7,0.0,0.0,1
GP019,Ikan Mas pepes,KZGPI- 1990,209.0,15.2,11.3,11.8,0.5,1
GR059,"Ikan sepat, segar",KZGMI-2001,84.0,15.2,0.6,4.7,0.0,0
CP052,Oncom ampas kacang hijau,KZGPI- 1990,376.0,14.9,6.0,65.7,12.3,2
FP012,"Sapi, abon, asli",KZGPI-1990,358.0,14.6,16.1,38.6,2.5,1
FP016,"Sapi, daging, sosis (Worst)",DABM-1964,448.0,14.5,42.3,2.3,0.0,1
GR074,"Kerang, segar",KZGPI- 1990,101.0,14.4,2.6,3.9,0.0,0
CR024,"Kacang merah /banda, kering",KZGMI-2001,350.0,13.9,3.0,66.9,26.3,2
CP064,Takwa,KZGPI- 1990,148.0,13.8,8.5,4.0,0.0,0
FP051,"Kalio kikil (tunjang), masakan",KZGMS-1993,122.0,13.8,5.7,3.9,0.0,0
GR073,"Kepiting, segar",DABM- 1964,151.0,13.8,3.8,14.1,0.0,0
GR070,"Ikan tongkol, segar",KZGMI-2001,100.0,13.7,1.5,8.0,0.0,0
HP002,"Telur bebek, asin, mentah",DABM-60/64,179.0,13.6,13.3,4.4,0.0,1
CP011,Kacang tanah rebus dg kulit,DABM-1964,360.0,13.5,31.2,12.8,0.0,1
FP041,"Chicken teriyaki, masakan",KZGMS-1993,168.0,13.0,9.6,7.5,0.8,0
CP051,Oncom,DABM-1964,187.0,13.0,6.0,22.6,0.0,0
CR036,"Kacang urei, kering",KZGMI-2001,354.0,12.8,1.8,69.3,26.1,2
GP068,"Gurame asem manis, masakan",KZGPI- 1990,192.0,12.7,10.1,12.7,0.0,1
CP054,Oncom kacang tanah pepes,KZGPI- 1990,132.0,12.7,3.8,13.7,3.1,0
DR072,"Daun singkong ambon, segar",DABM-1964,144.0,12.7,1.2,25.2,10.2,0
CP063,Tahu telur,KZGMS-1993,328.0,12.6,19.9,24.6,0.4,1
CR044,"Koro roay, kering",KZGPI- 1990,344.0,12.5,2.1,69.4,7.5,2
HR002,"Telur ayam ras, segar",KZGPI-1990,154.0,12.4,10.8,0.7,0.0,0
CR008,"Kacang ercis, segar",KZGMI-2001,129.0,12.4,0.7,18.3,28.6,0
GP061,Fillet o-fish,KZGMS-1993,270.0,12.3,15.9,19.3,0.2,1
GP080,"Pempek kelesan, masakan",KZGPI- 1990,211.0,12.3,6.1,26.6,0.4,0
CR034,"Kacang tunis, kering",KZGMI-2001,351.0,12.2,1.2,72.9,29.5,2
GP090,Sate Bandeng,BKP,283.0,12.1,16.8,20.9,2.0,1
GR079,"Rajungan, segar",KZGMI-2001,76.0,12.1,2.0,2.4,0.0,0
CP075,Tempe kedelai + jagung,KZGPI- 1990,143.0,12.0,5.5,11.4,1.9,0
CP024,Emping (kerupuk melinjo),DABM-1964,300.0,12.0,1.5,61.0,0.0,2
GR072,"Keong, segar",DABM- 1964,64.0,12.0,1.0,2.0,0.0,0
GR038,"Ikan lais, segar",KZGPI- 1990,161.0,11.9,11.5,2.4,0.0,1
HR005,"Telur bebek alabio, segar",KZGMI-2001,187.0,11.8,14.2,3.0,0.0,1
FP077,"Soto jeroan, masakan",KZGMS-,92.0,11.8,4.3,1.4,0.0,0
DP027,Botok lamtoro,KZGPI-1990,186.0,11.7,9.7,13.0,2.1,0
CP065,Tauco,KZGPI- 1990,184.0,11.4,5.5,22.2,1.9,0
FP040,"Bulgogi, masakan",KZGMS-1993,72.0,11.4,4.9,1.4,1.7,0
GR060,"Ikan sidat, segar",KZGPI- 1990,81.0,11.4,1.9,3.8,0.0,0
GP010,"Ikan calo/ peda, mentah",KZGPI- 1990,81.0,11.4,1.9,3.8,0.0,0
GR083,"Udang, besar, segar",KZGMI-2001,56.0,11.4,0.6,1.2,0.0,0
FR013,"Bebek alabio, daging, segar",KZGMI-2001,303.0,11.3,27.0,3.7,0.0,1
GP094,"Tumis bandeng, masakan",KZGMI-2001,189.0,11.3,15.7,0.6,0.0,1
DP046,Rujak cingur,KZGPI-1990,153.0,11.3,8.4,8.0,1.4,0
CP048,"Melinjo emping tebal, goreng asin",KZGPI- 1990,431.0,11.1,16.2,63.0,0.0,1
CP053,Oncom kacang hijau + singkong,KZGPI- 1990,351.0,11.0,5.3,65.9,9.0,2
CR027,"Kacang merah, segar",KZGPI- l990,171.0,11.0,2.2,28.0,2.1,0
HR007,"Telur bebek, bagian putih, segar",DABM-1964,54.0,11.0,0.0,0.8,0.0,0
HR008,"Telur bebek tambak, segar",KZGMI-2001,187.0,10.9,12.4,7.9,0.0,1
CP061,"Tahu, mentah",KZGPI- 1990,80.0,10.9,4.7,0.8,0.1,0
HR001,"Telur ayam kampung, segar",KZGMI-2001,174.0,10.8,14.0,1.2,0.0,1
HR004,"Telur Ayam ras,bagian putih, segar",DABM-1964,50.0,10.8,0.0,0.8,0.0,0
HR011,"Telur burung puyuh, segar",FCTEA-1972,116.0,10.7,7.0,1.6,0.0,0
CP038,Kembang tahu rebus,KZGPI- 1990,90.0,10.7,4.0,4.7,0.0,0
CP014,"Kacang tolo, rebus",KZGPI- l990,138.0,10.7,1.1,22.6,0.9,0
CP079,Tempe lamtoro,KZGPI- 1990,128.0,10.7,0.5,21.3,7.1,0
CP013,"Kacang tanah, rebus",KZGPI- l990,220.0,10.6,28.0,8.0,1.0,1
FP036,Beef burger,KZGMS-1993,258.0,10.6,9.5,32.5,0.4,1
CR047,"Lamtoro biji, tua, segar",DABM-1964,148.0,10.6,0.5,26.2,17.0,0
GP076,"Parede baleh, masakan",KZGMI-2001,87.0,10.5,2.5,5.5,0.0,0
AR041,Nasi rames,KZGMS-1993,155.0,10.3,4.2,19.1,0.0,0
GR068,"Ikan teri, segar",KZGPI- 1990,74.0,10.3,1.4,4.1,0.0,0
CP008,"Kacang merah kering, rebus",KZGPI- l990,158.0,10.3,0.9,28.2,2.6,0
CP078,Tempe koro benguk,DABM-1964,141.0,10.2,1.3,23.2,0.0,0
GP064,"Gulai ikan paya, masakan",KZGMI-2001,148.0,10.0,9.8,5.0,0.0,0
CP070,Tempe bongkrek,DABM-1964,88.0,10.0,4.0,3.0,0.0,0
AR030,Mi kering,KZGPI- 1990,339.0,10.0,1.7,6.3,0.4,2
CP009,"Kacang merah segar, rebus",KZGPI- l990,144.0,10.0,1.0,24.7,3.5,0
GP063,"Gulai asam keueung, masakan",KZGMI-2001,52.0,10.0,0.5,1.8,0.0,0
AR009,"Jagung kuning pipil, kering, mentah",KZGPI- 1990,366.0,9.8,7.3,69.1,2.2,2
FP038,"Beef yakiniku, masakan",KZGMS-1993,132.0,9.8,1.1,20.7,0.3,0
CP062,Tahu goreng,KZGPI- 1990,115.0,9.7,8.5,2.5,0.1,0
BP043,Kerupuk kemplang panggang,KZGPI- 1990,356.0,9.7,1.1,76.9,1.0,2
GP086,"Pindang kenari, masakan",KZGMI-2001,124.0,9.5,9.6,0.0,0.0,0
AR002,"Beras giling var pelita, mentah",KZGPI- 1990,369.0,9.5,1.4,77.1,0.4,2
DR086,Jamur encik,KZGMI-2001,296.0,9.4,1.1,62.0,0.0,2
AR020,"Jagung kuning, tepung",DABM-1964,355.0,9.2,3.9,73.7,7.2,2
AR022,"Jagung, tepung putih",DABM-1964,355.0,9.2,3.9,73.7,7.2,2
CP069,Tauji cap singa,KZGPI- 1990,277.0,9.1,4.7,49.6,1.2,2
GP067,"Gulai tiram, masakan",KZGMI-2001,132.0,9.0,7.2,7.8,0.0,0
DR149,"Taoge kacang kedelai, segar",DABM-1964,76.0,9.0,2.6,6.4,0.7,0
FP070,"Sop kaki sapi, masakan",KZGMS-1993,68.0,9.0,1.9,3.7,0.0,0
CP004,"Kacang gude, rebus",KZGPI-1990,147.0,9.0,0.5,27.5,3.4,0
AR018,"Jagung nasi, mentah",BKP,357.0,8.8,0.5,79.5,6.2,2
CP005,"kacang hijau, rebus",KZGPI-1990,109.0,8.7,0.5,18.3,1.5,0
AR028,"Makaroni, mentah",DABM-1964,353.0,8.7,0.4,78.7,4.9,2
FP037,"Beef teriyaki, masakan",KZGMS-1993,151.0,8.6,3.1,22.3,0.3,0
AR031,Misoa,KZGPI- 1990,345.0,8.5,2.2,78.0,0.5,2
AR001,"Beras giling, mentah",KZGMI-2001,357.0,8.4,1.7,77.1,0.2,2
AR003,"Beras giling var rojolele, mentah",KZGPI- 1990,357.0,8.4,1.7,77.1,0.2,2
DR048,"Daun lamtoro, segar",KZGPI-1990,87.0,8.3,1.8,14.4,3.3,0
CR042,"Koro kerupuk, biji, segar",DABM-1964,125.0,8.3,0.7,22.1,2.2,0
DR115,"Koro kerupuk, polong",DABM-1964,128.0,8.3,0.7,22.1,0.0,0
GP062,"Gete kuah asam, masakan",KZGMI-2001,75.0,8.2,2.0,6.0,0.0,0
CP050,Moon tahu,KZGMS-1993,128.0,8.0,10.0,1.3,0.2,0
AR006,"Beras ketan hitam tumbuk, mentah",KZGPI- 1990,360.0,8.0,2.3,74.5,1.0,2
DR065,"Daun pepaya, segar",DABM-1964,87.0,8.0,2.0,11.9,1.5,0
AR032,Roti putih,DABM-1964,248.0,8.0,1.2,50.0,9.1,2
GP084,"Pencok lele, masakan",KZGPI- 1990,372.0,7.8,36.3,3.5,0.0,1
CR006,"Kacang bogor, segar",KZGPI-1990,165.0,7.7,3.1,27.4,2.5,0
CP003,"Kacang bogor, rebus",KZGPI-1990,161.0,7.7,2.8,27.2,2.0,0
CP080,"Tempe lamtoro var, gung dengan kulit",KZGPI- 1990,19.6,7.6,1.3,128.0,41.0,2
CP067,"Tauco cap DAS, cake",KZGPI- 1990,358.0,7.5,4.3,70.4,3.1,2
FP068,"Sop buntut, masakan",KZGMS-1993,71.0,7.5,3.6,2.2,0.0,0
CP066,"Tauco cap beruang, cake",KZGPI- 1990,347.0,7.4,5.2,67.6,3.2,2
CP068,Tauco cap meong,KZGPI- 1990,159.0,7.4,4.9,21.3,1.6,0
FP072,"Sop konro, masakan",KZGMI-2001,71.0,7.4,2.6,4.5,0.0,0
AR042,Spaghetti,KZGMS-1993,139.0,7.4,2.1,22.6,0.0,0
AR007,"Beras ketan putih tumbuk, mentah",KZGPI- 1990,361.0,7.4,0.8,78.4,0.4,2
DP034,Gulai pliek,KZGMI-2001,176.0,7.3,14.9,3.2,0.0,1
FP073,"Sop saudara, masakan",KZGMI-2001,89.0,7.2,5.0,3.9,0.0,0
GP048,"Rebung laut, mentah",KZGMI-2001,320.0,7.2,4.2,63.3,0.0,2
GP083,"Pempek tenggiri, masakan",KZGPI- 1990,173.0,7.2,1.2,33.4,0.2,0
CR011,"Kacang gude, biji, segar",DABM-1964,114.0,7.0,0.6,20.8,4.4,0
FP043,"Coto mangkasara, kuda, masakan",,96.0,6.8,5.9,3.8,0.0,0
CP072,Tempe gembus yogya,KZGPI- 1990,76.0,6.8,0.7,10.6,5.3,0
CR016,"Kacang kapri, segar",DABM-1964,98.0,6.7,0.4,17.7,6.2,0
DR095,"Kabau, segar",KZGMI-2001,130.0,6.7,0.3,25.2,2.9,0
DR035,"Daun katuk, segar",KZGPI-1990,59.0,6.4,1.0,9.9,1.5,0
DR074,"Daun singkong kopang, segar",KZGMI-2001,74.0,6.3,0.7,10.7,4.6,0
AR010,"Jagung pipil var, harapan, kering",KZGPI- 1990,367.0,6.2,5.1,76.2,2.6,2
AR034,Mie ayam,KZGMS-1993,102.0,6.2,3.9,10.5,0.0,0
DR071,"Daun singkong, segar",KZGPI-1990,50.0,6.2,1.1,7.1,2.4,0
DR073,"Daun singkong ampenan, segar",KZGMI-2001,50.0,6.2,1.1,71.0,2.4,0
AR016,Bihun goreng instan,KZGMS-1993,381.0,6.1,3.9,80.3,0.0,2
DP031,Gado-gado,KZGPI-1990,137.0,6.1,3.2,21.0,1.1,0
DP006,"Daun kelor, rebus",KZGPI-1990,61.0,6.1,0.9,10.0,0.9,0
DP057,Semur jengkol,KZGMS-1993,212.0,6.0,10.0,29.1,0.0,0
FP044,"Coto mangkasara, sapi, masakan",KZGMI-2001,84.0,6.0,6.0,1.4,0.0,0
GP066,"Gulai keumamah, masakan",KGZMI-2001,110.0,5.9,8.2,3.2,0.0,0
FP080,"Soto padang, masakan",KZGPI-1990,127.0,5.9,6.6,11.0,0.7,0
AR037,Mie pangsit basah,KZGMS-1993,105.0,5.9,4.9,9.4,0.0,0
DP030,"Cap cai, sayur",KZGMS-1993,97.0,5.8,6.3,4.2,0.6,0
CP086,Tepung kacang kedelai,DABM-1964,29.9,5.8,4.0,195.0,544.0,2
CP085,Tepung Jalejo,BKP,61.2,5.8,2.3,101.0,663.0,2
FP069,"Sop daging sapi, masakan",KZGMS-1993,49.0,5.8,0.5,5.3,0.0,0
CP071,Tempe gembus P3G,KZGPI- 1990,73.0,5.7,1.3,10.3,4.2,0
BP071,Tepung Tales Beneng,BKP,332.0,5.7,0.6,76.1,12.2,2
CR046,"Lamtoro biji, muda, segar",DABM-1964,85.0,5.7,0.3,15.4,10.8,0
FP085,"Sukiyaki, masakan",KZGMS-1993,75.0,5.6,0.4,12.2,0.2,0
AR011,"Jagung pipil var, metro, kering",KZGPI- 1990,368.0,5.5,4.6,78.0,2.9,2
FP071,"Sop kambing, masakan",KZGMS-1993,34.0,5.5,0.8,1.1,0.0,0
DR039,"Daun kemangi, segar",DABM-1964,43.0,5.5,0.3,7.5,8.4,0
AR004,"Beras jagung kuning, kering, mentah",KZGMI-2001,358.0,5.5,0.1,82.7,10.0,2
FP061,"Rawon, masakan",KZGPI-1990,60.0,5.4,2.5,4.0,0.0,0
DR134,"Petai, segar",KZGMI-2001,92.0,5.4,1.1,15.2,2.0,0
DR093,"Jengkol, segar",KZGMI-2001,192.0,5.4,0.3,40.7,1.5,0
AR035,Mie bakso,KZGMS-1993,114.0,5.3,3.0,16.4,0.1,0
DP005,"Daun katuk, rebus",KZGPI-1990,53.0,5.3,0.9,9.1,1.2,0
GP081,"Pempek kulit, masakan",KZGMI-2001,243.0,5.2,7.3,39.1,0.0,2
CP019,Pepea oncom ampas tahu,KZGPI- 1990,76.0,5.2,1.8,10.6,2.2,0
DR038,"Daun kelor, segar",KZGMI-2001,92.0,5.1,1.6,14.3,8.2,0
AR008,"Jagung muda, kuning, mentah",KZGPI- 1990,147.0,5.1,0.7,31.5,1.3,0
CP016,"Ampas tahu, mentah",KZGPI- 1990,67.0,5.0,2.1,8.1,4.1,0
DR055,"Daun melinjo, segar",DABM-1964,104.0,5.0,1.3,21.3,10.3,0
DR128,"Melinjo, segar",DABM-1964,66.0,5.0,0.7,13.3,0.0,0
AR019,"Jagung muda, rebus",KZGPI- 1990,142.0,5.0,0.7,30.3,0.8,0
DR036,"Daun kecipir, segar",DABM-1964,52.0,5.0,0.5,8.5,0.0,0
DR150,"Taoge kacang tunggak, segar",DABM-1964,40.0,5.0,0.2,5.8,2.6,0
GP077,"Pempek adaan, masakan",KZGMI-2001,162.0,4.9,3.0,27.8,0.0,0
AR005,"Beras jagung putih, kering, mentah",KZGMI-2001,307.0,4.8,0.1,71.8,10.0,2
AR039,Nasi gurih,KZGMI-2001,190.0,4.7,7.5,26.0,0.7,0
GP082,"Pempek telur, masakan",KZGMI-2001,156.0,4.7,2.7,28.3,0.0,0
DR050,"Daun leunca, segar",DABM-1964,49.0,4.7,0.5,8.1,0.0,0
AR015,"Bihun, mentah",DABM-1964,348.0,4.7,0.1,82.1,1.2,2
GP079,"Pempek kapal selam, masakan",KZGMI-2001,152.0,4.5,2.3,28.2,0.0,0
DR119,Kulit melinjo,KZGPI-1990,111.0,4.5,1.1,20.7,5.0,0
DR041,"Daun kesum, segar",KZGPI-1990,48.0,4.5,0.8,9.1,1.6,0
DR059,"Daun pakis, segar",KZGPI-1990,39.0,4.5,0.4,6.9,2.0,0
DP028,Buntil daun talas,KZGPI-1990,141.0,4.4,10.2,8.0,1.8,0
CR004,"Kacang beracun, segar",KZGMI-2001,118.0,4.4,1.5,21.6,0.0,0
DR068,"Daun semanggi, segar",KZGPI-1990,45.0,4.4,0.5,8.5,1.9,0
FP047,Gulai kambing,KZGMI-2001,126.0,4.2,9.4,6.2,0.0,0
GP078,"Pempek belida, masakan",,156.0,4.2,1.4,31.6,0.2,0
CR050,"Nangka, biji, segar",DABM-1964,165.0,4.2,0.1,36.7,1.8,0
CP017,Ampas tahu kukus,KZGPI- 1990,75.0,4.1,2.1,10.7,5.1,0
DP033,Gulai pakis,KZGPI-1990,143.0,4.0,11.4,6.0,1.4,0
AR023,"Ketan, ketupat",KZGPI- 1990,212.0,4.0,4.6,38.6,0.2,0
DR034,"Daun kasbi/singkong karet, segar",KZGMI-2001,92.0,4.0,3.6,10.9,5.8,0
DR056,"Daun mengkudu, segar",KZGPI-1990,65.0,4.0,1.7,11.4,3.9,0
AR024,"Ketan hitam, matang",KZGPI- 1990,181.0,4.0,1.2,37.3,0.3,0
DR046,"Daun labu siam, segar",DABM-1964,34.0,4.0,0.4,4.7,3.5,0
BP069,Tepung Sente,BKP,326.0,4.0,0.4,76.7,8.5,2
DP022,"Asinan Bogor, sayuran",KZGMS-1993,98.0,3.9,2.6,14.8,0.5,0
FP074,"Soto bandung, masakan",KZGPI-1990,42.0,3.9,1.7,2.8,0.4,0
AR038,Nasi gemuk,KZGMI-2001,192.0,3.8,8.8,24.4,0.7,0
AR021,"Jagung kuning pipil, rebus",KZGPI- 1990,154.0,3.8,3.5,28.4,0.7,0
DP007,"Daun mengkudu, kukus",KZGPI-1990,63.0,3.8,1.5,11.5,2.4,0
AR025,"Ketan hitam, tapai",KZGPI- 1990,166.0,3.8,1.0,34.4,0.3,0
DR088,"Jamur kuping, segar",DABM-1964,21.0,3.8,0.6,0.9,5.1,0
DR118,"Kucai muda (Lokio), segar",DABM-1964,42.0,3.8,0.6,7.8,4.9,0
DR148,"Taoge, segar",KZGPI-1990,34.0,3.7,1.2,4.3,1.1,0
DP008,"Daun singkong, rebus",KZGPI-1990,31.0,3.7,0.6,4.8,1.6,0
CP015,Ampas kacang hijau,KZGPI- 1990,96.0,3.7,0.6,19.1,2.7,0
DR040,"Daun kenikir, segar",BKP,45.0,3.7,0.5,6.6,5.8,0
DP004,"Daun kacang panjang, kukus",KZGPI-1990,40.0,3.7,0.3,8.0,1.8,0
DR078,"Daun ubi kuning, segar",KZGMI-2001,62.0,3.7,0.3,11.1,6.4,0
FP082,"Soto pemalang, masakan",KZGPI-1990,75.0,3.6,5.2,3.5,0.0,0
DR047,"Daun labu waluh/kuning, segar",DABM-1964,34.0,3.6,0.6,4.5,2.9,0
EP006,Lempog durian,KZGPI- 1990,320.0,3.5,5.7,63.7,4.9,2
AR040,Nasi minyak,KZGMI-2001,207.0,3.5,5.0,37.1,0.8,0
FP079,"Soto madura, masakan",KZGPI-1990,60.0,3.5,4.5,1.3,0.0,0
CP060,Susu kedelai,DABM-1964,41.0,3.5,2.5,5.0,0.2,0
ER042,"Kawista, segar",KZGPI- 1990,120.0,3.5,2.5,20.8,4.6,0
ER065,"Markisa, segar",KZGPI- 1990,144.0,3.5,1.2,29.8,11.4,0
DR037,"Daun kedondong, segar",DABM-1964,59.0,3.5,0.3,13.4,10.7,0
DR089,"Jamur merang, segar",BKP,30.0,3.5,0.2,4.0,2.4,0
CP083,Tempe pasar goreng,KZGPI- 1990,7.8,3.4,1.3,156.0,350.0,2
DR061,"Daun pakis wambateu, segar",KZGMI-2001,53.0,3.4,1.2,7.2,4.8,0
DR100,"Kangkung, segar",KZGPI-1990,28.0,3.4,0.7,3.9,2.0,0
DR062,"Daun paku, segar",KZGMI-2001,29.0,3.4,0.1,6.5,4.3,0
DP032,"Gudeg, sayur",KZGPI-1990,160.0,3.3,9.2,16.0,2.3,0
DR102,"Kapri muda, segar",DABM-1964,45.0,3.3,0.2,9.0,1.8,0
CR039,"Komak polong, segar",KZGMI-2001,99.0,3.3,0.1,21.2,10.3,0
DP056,Shabu-shabu,KZGMS-1993,88.0,3.2,8.0,0.8,0.9,0
DP029,Cammetutu,KZGMI-2001,102.0,3.2,6.0,8.7,4.3,0
FP083,"Soto sukaraja, masakan",KZGPI-1990,80.0,3.2,3.5,9.0,0.3,0
DP017,"Taoge, goreng",KZGPI-1990,88.0,3.2,2.1,14.0,0.7,0
DP013,"Kangkung, kukus",KZGPI-1990,30.0,3.2,0.7,4.7,1.8,0
DR033,"Daun kacang panjang, segar",KZGPI-1990,30.0,3.1,0.3,5.8,1.7,0
DP010,"Daun ubi merah, kukus",KZGPI-1990,56.0,3.1,0.3,13.0,1.5,0
DR146,"Selada air, segar",KZGPI-1990,17.0,3.1,0.2,2.2,0.7,0
DR098,Kacang ranti polong,KZGPI-1990,37.0,3.1,0.2,7.9,2.5,0
FP081,"Soto pekalongan, masakan",KZGPI-1990,94.0,3.0,6.8,5.1,0.3,0
AR033,Mie aceh rebus,KZGMI-2001,113.0,3.0,3.2,18.1,0.0,0
AR036,Mie celon,KZGMI-2001,102.0,3.0,2.1,17.8,0.0,0
DP018,"Taoge, seduh",KZGPI-1990,28.0,3.0,0.8,4.0,1.0,0
DP011,"Kacang panjang,kukus",KZGPI-1990,39.0,3.0,0.6,7.6,1.7,0
AR027,"Ketan putih, tapai",KZGPI- 1990,172.0,3.0,0.5,37.5,0.6,0
DR076,"Daun talas, segar",KZGPI-1990,59.0,3.0,0.4,13.5,3.0,0
ER021,"Cempedak, segar",DABM-1964,116.0,3.0,0.4,28.6,3.4,0
AR026,"Ketan putih, matang",KZGPI- 1990,163.0,3.0,0.4,35.7,0.2,0
DR116,"Koro wedus, polong",DABM-1964,46.0,3.0,0.3,7.9,3.3,0
DR079,"Daun ubi merah, segar",KZGPI-1990,48.0,3.0,0.3,10.8,1.4,0
AR012,Nasi,KZGPI- 1990,180.0,3.0,0.3,39.8,0.2,0
FP075,"Soto banjar, masakan",KZGMI-2001,110.0,2.9,9.5,3.2,0.0,0
DR077,"Daun tespong, segar",DABM-1964,70.0,2.9,0.3,13.9,2.3,0
DR104,"Kecipir muda, segar",DABM-1964,32.0,2.9,0.2,5.8,5.5,0
BP072,Tepung Ubi Ungu,BKP,354.0,2.8,0.6,84.4,12.9,2
BR033,"Umbi Uwi, segar",BKP,120.0,2.8,0.5,82.3,2.6,0
AR014,"Beras merah, Nasi",KZGPI- 1990,149.0,2.8,0.4,32.5,0.3,0
DR080,"Daun ubi putih, segar",KZGMI-2001,46.0,2.8,0.2,8.2,4.8,0
DR064,"Daun pare, segar",KZGMI-2001,49.0,2.7,1.0,8.4,3.0,0
DP016,"Selada, rebus",KZGPI-1990,19.0,2.7,0.2,2.9,0.7,0
CR043,"Koro loke, biji, segar",DABM-1964,33.0,2.7,0.2,7.9,3.5,0
CP023,Dodol banjarmasin,KZGMI-2001,368.0,2.6,8.6,70.0,0.5,2
BP031,Kabuto,KZGMI-2001,250.0,2.6,2.5,35.4,1.8,0
FP078,"Soto kudus, masakan",KZGPI-1990,38.0,2.6,2.3,1.8,0.2,0
DR010,"Bit, segar",DABM-1964,9.6,2.6,1.1,27.0,43.0,0
DR075,"Daun sintrong, segar",KZGPI-1990,36.0,2.6,0.9,6.1,1.7,0
FP076,"Soto betawi, masakan",KZGPI-1990,135.0,2.5,8.8,11.5,0.5,0
ER023,"Durian, segar",DABM-1964,149.0,2.5,3.0,21.5,3.5,0
DP044,Pelecing kangkung,KZGMI-2001,75.0,2.5,2.8,10.0,5.4,0
DR044,"Daun kubis, segar",KZGMI-2001,51.0,2.5,1.1,8.0,3.4,0
DP014,"Kangkung, rebus",KZGPI-1990,22.0,2.5,0.6,3.1,1.2,0
BP073,Tiwul,BKP,353.0,2.4,1.1,83.4,6.5,2
EP011,Sale pisang siam,KZGPI- 1990,281.0,2.4,0.7,66.1,1.0,2
BR007,"Gadeng/Gadung, kering",KZGMI-2001,322.0,2.4,0.6,76.6,0.0,2
ER055,"Mangga benggala, segar",KZGMI-2001,63.0,2.4,0.4,12.4,5.8,0
AR013,Nasi tim,OKN-1992,120.0,2.4,0.4,26.0,0.5,0
BP066,Tepung Gaplek,BKP,345.0,2.4,0.4,83.1,6.7,2
DR113,Kool kembang,DABM-1964,25.0,2.4,0.2,4.9,1.6,0
DR099,"Kalakai, segar",KZGMI-2001,38.0,2.4,0.2,6.6,5.8,0
FP084,"Soto sulung, masakan",KZGPI-1990,86.0,2.3,8.5,0.0,0.0,0
BP022,Biji nangka/Biji salak,KZGMI-2001,262.0,2.3,5.4,51.1,8.0,2
EP012,"Sale pisang, cilacap",KZGPI- 1990,295.0,2.3,2.1,66.9,1.3,2
DR129,Mostarda metan -sawi,KZGMI-2001,33.0,2.3,0.5,4.7,1.8,0
DP012,"Kacang panjang, rebus",KZGPI-1990,30.0,2.3,0.4,5.8,1.4,0
DR051,"Daun lobak, segar",DKBM-1964,30.0,2.3,0.4,5.8,3.2,0
DR141,"Sawi, segar",DABM-1964,28.0,2.3,0.3,4.0,2.5,0
DR103,Karawila,KZGMI-2001,25.0,2.3,0.2,3.5,2.1,0
ER033,"Jambu bol, segar",KZGMI-2001,49.0,2.3,0.2,9.6,3.5,0
DR097,"Kacang panjang, segar",KZGMI-2001,31.0,2.3,0.1,5.3,2.7,0
GP074,"Model, masakan",KZGMI-2001,79.0,2.2,4.0,8.6,0.0,0
DR060,"Daun pakis longgiho, segar",KZGMI-2001,54.0,2.2,3.6,3.1,2.1,0
DP037,"Karedok, sayur",KZGPI-1990,92.0,2.2,3.3,14.1,1.4,0
DR009,"Bayam merah, segar",KZGMI-2001,6.3,2.2,2.2,520.0,80.0,2
DR125,"Lantar, segar",KZGMI-2001,34.0,2.2,0.3,5.5,2.9,0
DR117,"Kucai, segar",DABM-1964,45.0,2.2,0.3,10.3,4.8,0
DP003,"Buncis, rebus",KZGPI-1990,30.0,2.2,0.2,6.4,1.5,0
DR085,"Jagung muda / semi, segar",DABM-1964,35.0,2.2,0.1,7.4,1.9,0
DR156,"Terung belanda, segar",KZGPI-1990,52.0,2.1,1.1,8.6,1.4,0
CP058,Sayur lebui,KZGMI-2001,64.0,2.1,0.6,12.5,5.7,0
DR042,"Daun kol sawi, segar",KZGPI-1990,22.0,2.1,0.5,3.6,0.9,0
BR013,"Kentang, segar",KZGPI- 1990,62.0,2.1,0.2,13.5,0.5,0
DR133,"Pepaya muda, segar",DABM-1964,29.0,2.1,0.1,4.9,2.1,0
DR159,Terung panjang,KZGPI-1990,25.0,2.1,0.1,5.3,0.5,0
DR070,"Daun singkil, segar",KZGPI-1990,68.0,2.0,1.0,15.2,3.3,0
DR162,"Tomat muda, segar",DABM-1964,24.0,2.0,0.7,3.3,1.8,0
DR155,"Terong asam, segar",KZGMI-2001,37.0,2.0,0.4,6.3,3.2,0
DR130,"Nangka muda, segar",DABM-1964,57.0,2.0,0.4,11.3,8.3,0
BP032,Kapurung,KZGMI-2001,41.0,2.0,0.3,7.8,2.0,0
DR091,Jamur sagu,KZGMI-2001,48.0,1.9,3.2,2.8,1.0,0
GP092,"Tekwan, masakan",KZGMI-2001,53.0,1.9,0.9,9.4,0.0,0
DR158,"Terong hintalo, segar",KZGMI-2001,45.0,1.9,0.8,7.5,5.1,0
DR143,"Sawi taiwan, segar",KZGMI-2001,30.0,1.9,0.5,4.4,2.7,0
DR013,"Buncis, segar",KZGPI-1990,7.2,1.9,0.5,101.0,42.0,0
DR094,"Jotang, segar",DABM-1964,34.0,1.9,0.3,7.1,3.5,0
ER020,"Carica papaya, segar",KZGPI- 1990,24.0,1.9,0.2,3.7,1.0,0
BP075,Ubi Cilembu,BKP,186.0,1.9,0.2,44.3,3.4,0
DR090,"Jamur tiram, segar",BKP,30.0,1.9,0.1,5.5,3.6,0
DR107,"Kembang turi, segar",DABM-1964,51.0,1.8,0.6,9.6,5.0,0
BP041,Kerupuk kemplang (ikan) mentah,KZGMI-2001,325.0,1.8,0.4,78.5,4.5,2
DR101,Kangkung tondano,KZGMI-2001,43.0,1.8,0.2,8.4,4.3,0
DP019,"Terung panjang, kukus",KZGPI-1990,23.0,1.8,0.1,4.9,0.4,0
ER012,"Buah Naga Merah, segar",BKP,71.0,1.7,3.1,9.1,3.2,0
DR122,"Labu kuning, segar",KZGMI-2001,51.0,1.7,0.5,10.0,2.7,0
DP048,Sayur bunga pepaya,KZGMI-2001,49.0,1.7,0.3,9.8,2.7,0
DR084,"Genjer, segar",DABM-1964,35.0,1.7,0.2,7.7,2.5,0
DR081,"Daun ubi tinta, segar",KZGMI-2001,55.0,1.7,0.1,11.9,7.6,0
DR014,"Bunga pepaya, segar",KZGPI-1990,8.1,1.6,1.7,290.0,113.0,2
BR006,"Bentul (Komba), talas, segar",KZGPI- 1990,98.0,1.6,0.7,20.9,0.7,0
BR030,"Ubi jalar merah, segar",KZGPI- 1990,151.0,1.6,0.3,35.4,0.7,0
ER110,"Sukun tua, segar",KZGPI- 1990,126.0,1.6,0.2,24.5,1.5,0
ER077,"Pisang gapi, segar",KZGMI-2001,131.0,1.6,0.1,31.1,11.7,0
BP046,Kue bangket,KZGMI-2001,338.0,1.5,1.2,80.3,0.0,2
DR106,"Kelawi,kluwih, segar",DABM-1964,118.0,1.5,0.3,27.2,5.0,0
BP010,"Talas bogor, kukus",KZGPI- 1990,120.0,1.5,0.3,28.2,0.7,0
BR029,"Ubi jalar manis, segar",KZGPI- 1990,83.0,1.5,0.2,18.8,0.6,0
ER078,"Pisang goroho, segar",KZGMI-2001,119.0,1.5,0.2,27.9,4.6,0
CP029,Geplak,KZGMI-2001,350.0,1.4,14.4,53.6,1.8,2
DP059,Tumis bayam bersantan,KZGPI-1990,48.0,1.4,4.2,2.6,0.5,0
CP082,Tempe pasar,KZGPI- 1990,9.1,1.4,0.9,517.0,202.0,2
ER080,"Pisang kayu, segar",KZGMI-2001,100.0,1.4,0.5,23.6,2.6,0
BR025,"Talas bogor, segar",KZGPI- 1990,108.0,1.4,0.4,25.0,0.9,0
DR140,Rumput laut,KZGMI-2001,41.0,1.4,0.3,8.1,2.2,0
BP063,Tapai singkong,KZGPI- 1990,169.0,1.4,0.3,40.2,2.0,0
DR114,"Kool merah,kool putih",DABM-1964,29.0,1.4,0.2,5.3,1.9,0
BR005,"Bengkuang, segar",DABM- 1964,59.0,1.4,0.2,12.8,1.0,0
ER085,"Pisang mas bali ampenan, segar",KZGMI-2001,92.0,1.4,0.2,21.0,3.7,0
ER109,"Sukun muda, segar",KZGPI- 1990,119.0,1.4,0.2,28.1,1.4,0
ER086,"Pisang mas bali kopang, segar",KZGMI-2001,127.0,1.4,0.2,31.8,3.7,0
ER087,"Pisang mas, segar",DABM-1964,127.0,1.4,0.2,33.6,1.4,0
BP028,Getuk goreng,KZGPI- 1990,360.0,1.3,6.4,74.3,0.8,2
DP053,Sayur sop,KZGPI-1990,27.0,1.3,2.0,1.0,0.3,0
ER090,"Pisang rotan, segar",KZGPI- 1990,98.0,1.3,1.2,20.5,1.0,0
BR015,"Keribang, ubi, segar",KZGPI- 1990,137.0,1.3,1.1,29.8,0.6,0
CP081,"Tempe lamtoro var, gung tanpa kulit",KZGPI- 1990,13.0,1.3,1.1,95.0,154.0,2
DP001,"Bayam, kukus",KZGPI-1990,30.0,1.3,0.7,5.8,1.2,0
DR161,"Tomat merah, segar",KZGPI-1990,24.0,1.3,0.5,4.7,1.5,0
ER088,"Pisang raja sereh, segar",KZGPI- 1990,108.0,1.3,0.3,28.2,0.7,0
DR144,"Sawi tanah, segar",KZGMI-2001,19.0,1.3,0.2,2.9,2.2,0
DP009,"Daun talas, rebus",KZGPI-1990,27.0,1.3,0.2,5.9,1.6,0
ER075,"Pisang angleng (pisang ampyang), segar",DABM-1964,68.0,1.3,0.2,17.2,0.8,0
ER084,"Pisang lampung, segar",DABM-1964,99.0,1.3,0.2,25.6,4.3,0
DP002,"Bayam ,rebus",KZGPI-1990,23.0,1.2,0.6,3.7,1.1,0
BP068,Tepung Mocaf,BKP,350.0,1.2,0.6,85.0,6.0,2
BP047,Kue putu singkong,KZGMI-2001,217.0,1.2,0.5,53.2,2.4,2
DR092,"Jantung pisang, segar",DABM-1964,32.0,1.2,0.3,7.1,3.2,0
ER071,"Nangka masak pohon, segar",DABM-1964,106.0,1.2,0.3,27.6,3.7,0
DR145,"Selada, segar",DABM-1964,18.0,1.2,0.2,2.9,1.8,0
ER091,"Pisang talas, segar",KZGMI-2001,113.0,1.2,0.2,26.7,4.4,0
ER089,"Pisang raja, segar",DABM-1964,120.0,1.2,0.2,31.8,5.3,0
ER066,"Matoa, segar",KZGMI-2001,90.0,1.2,0.1,21.1,0.5,0
BP076,Uli batatas,KZGMI-2001,150.0,1.1,4.0,27.4,0.0,0
DR096,"Kacang mekah, polong, segar",KZGPI-1990,22.0,1.1,1.0,3.4,1.1,0
EP010,Sale kesemek,KZGMI-2001,296.0,1.1,0.6,71.2,0.0,2
ER108,"Srikaya, segar",KZGPI- 1990,63.0,1.1,0.5,13.9,2.1,0
ER094,"Pisang uli, segar",KZGPI- 1990,134.0,1.1,0.5,35.5,1.4,0
BP070,Tepung singkong/Tapioka,DABM- 1964,363.0,1.1,0.5,88.2,0.9,2
DR157,"Terung bengkulu,segar",KZGPI-1990,52.0,1.1,0.4,11.2,3.2,0
EP003,Getuk pisang,KZGPI- 1990,144.0,1.1,0.4,34.1,0.4,0
DR127,"Lumai/Leunca, segar",KZGMI-2001,38.0,1.1,0.3,7.6,2.0,0
ER082,"Pisang ketip, segar",KZGMI-2001,145.0,1.1,0.3,34.5,6.6,0
DR154,"Terong, segar",DABM-1964,28.0,1.1,0.2,5.5,2.1,0
ER076,"Pisang ayam, segar",KZGMI-2001,120.0,1.1,0.2,26.8,4.1,0
DR124,"Labu waluh, segar",DABM-1964,32.0,1.1,0.1,6.6,0.5,0
ER102,"Sawo duren, segar",KZGPI- 1990,64.0,1.0,3.1,8.0,0.8,0
ER046,"Kelapa muda, daging, segar",DABM-1964,68.0,1.0,0.9,14.0,0.0,0
ER074,"Pisang ambon, segar",KZGMI-2001,108.0,1.0,0.8,24.3,1.9,0
DR166,"Wortel, segar",KZGPI-1990,36.0,1.0,0.6,7.9,1.0,0
DP021,"Wortel, kukus",KZGPI-1990,37.0,1.0,0.6,8.3,1.1,0
DR131,"Paria putih, segar",KZGPI-1990,19.0,1.0,0.4,3.6,1.3,0
ER106,"Sirsak, segar",DABM-1964,65.0,1.0,0.3,16.3,3.2,0
BR016,"Ketela pohon/singkong, segar",KZGPI- 1990,154.0,1.0,0.3,36.8,0.9,0
DR160,"Tomat, air (sari), segar",DABM-1964,20.0,1.0,0.2,3.5,0.4,0
ER022,"Duku, segar",DABM-1964,63.0,1.0,0.2,16.1,4.3,0
ER083,"Pisang kidang, segar",KZGPI- 1990,96.0,1.0,0.2,22.5,0.6,0
DR142,"Sawi putih / pecai, segar",KZGPI-1990,9.0,1.0,0.1,1.7,0.8,0
DR147,"Seledri, segar",DABM-1964,23.0,1.0,0.1,4.6,2.0,0
DR058,"Daun oyong, segar",DABM-1964,22.0,1.0,0.1,5.3,2.0,0
ER043,"Kedondong masak, segar",DABM-1964,46.0,1.0,0.1,10.3,2.6,0
ER079,"Pisang hijau, segar",KZGPI- 1990,121.0,1.0,0.1,28.9,0.4,0
ER062,"Mangga manalagi, segar",KZGMI-2001,133.0,1.0,0.1,32.1,11.8,0
BP048,Lanting getuk,KZGPI- 1990,422.0,0.9,10.8,80.4,1.4,2
ER001,"Alpukat, segar",DABM-1964,85.0,0.9,6.5,7.7,0.0,0
ER103,"Sawo kecik, segar",KZGPI- 1990,111.0,0.9,2.3,21.6,1.0,0
DR105,"Kecombrang, segar",KZGPI-1990,34.0,0.9,1.0,6.7,2.6,0
BP053,Oyek,BKP,351.0,0.9,0.9,84.9,4.3,2
BR014,"Kentang hitam, segar",DABM- 1964,142.0,0.9,0.4,33.7,5.4,0
BP056,Rasi (Beras Singkong),BKP,350.0,0.9,0.4,85.7,14.4,2
ER031,Jambu biji,DABM-1964,64.0,0.9,0.3,12.2,2.4,0
ER032,Jambu bj putih tdk brbj,KZGPI- 1990,61.0,0.9,0.3,15.4,4.5,0
BR008,"Gadung, ubi, segar",KZGPI- 1990,100.0,0.9,0.3,23.5,2.1,0
ER039,"Jeruk manis, segar",DABM-1964,45.0,0.9,0.2,11.2,1.4,0
BP012,Ubi jalar tinta/kemayung kukus,KZGPI- 1990,165.0,0.9,0.2,39.8,1.1,0
DR126,"Lobak, segar",DABM-1964,21.0,0.9,0.1,4.2,2.0,0
ER097,"Rambutan, segar",DABM-1964,69.0,0.9,0.1,18.1,0.8,0
BP061,Sagu sinole,KZGMI-2001,354.0,0.8,8.3,68.9,0.0,2
BP065,Tepung Ganyong,BKP,353.0,0.8,1.7,83.6,0.7,2
ER013,"Buah Naga Putih, segar",BKP,56.0,0.8,1.0,10.9,3.2,0
ER081,"Pisang kepok, segar",KZGMI-2001,109.0,0.8,0.5,26.3,5.7,0
ER093,"Pisang ua, segar",KZGMI-2001,128.0,0.8,0.5,30.2,8.1,0
ER048,"Kesemek, segar",DABM-1964,78.0,0.8,0.4,20.0,0.6,0
ER100,"Salak pondoh, segar",KZGPI- 1990,87.0,0.8,0.4,20.1,0.0,0
ER037,Jeruk garut-keprok,DABM-1964,44.0,0.8,0.3,10.9,1.6,0
DR083,"Gambas (oyong), segar",DABM-1964,19.0,0.8,0.2,4.1,1.3,0
ER036,"Jeruk banjar, segar",KZGMI-2001,61.0,0.8,0.2,14.1,5.4,0
ER059,"Mangga indramayu, segar",DABM-1964,72.0,0.8,0.2,18.7,2.5,0
DR138,"Rebung, segar",KZGMI-2001,25.0,0.8,0.1,5.3,9.7,0
DR008,"Bayam, segar",KZGPI-1990,2.9,0.7,1.3,166.0,76.0,2
DP047,Sayur asem,KZGPI-1990,29.0,0.7,0.6,5.0,0.6,0
ER034,"Jambu monyet, segar",DABM-1964,49.0,0.7,0.6,15.8,1.2,0
DP020,"Wortel, rebus",KZGPI-1990,28.0,0.7,0.5,6.3,0.8,0
ER061,"Mangga kwini, segar",KZGMI-2001,86.0,0.7,0.5,19.8,6.5,0
BP011,"Ubi jalar, kuning, kukus",KZGPI- 1990,100.0,0.7,0.3,23.8,1.0,0
ER041,"Jeruk ragi, segar",KZGPI- 1990,49.0,0.7,0.2,11.1,0.5,0
ER056,"Mangga gedung, segar",DABM-1964,44.0,0.7,0.2,11.2,1.6,0
ER069,"Nanas palembang, segar",KZGMI-2001,58.0,0.7,0.2,13.3,1.6,0
BP064,Tepung Arrowroot,DABM- 1964,355.0,0.7,0.2,85.2,0.4,2
ER054,"Mangga, segar",KZGMI-2001,52.0,0.7,0.0,12.3,1.6,0
AR029,Mi basah,DABM-1964,88.0,0.6,3.3,14.0,0.1,0
ER064,"Manggis, segar",DABM-1964,63.0,0.6,0.6,15.6,1.5,0
ER067,"Melon, segar",BKP,37.0,0.6,0.4,7.8,1.0,0
ER070,"Nanas, segar",KZGPI- 1990,40.0,0.6,0.3,9.9,0.6,0
DR121,"Labu air, segar",DABM-1964,19.0,0.6,0.2,3.8,0.6,0
ER030,"Jambu air, segar",DABM-1964,46.0,0.6,0.2,11.8,2.1,0
ER035,"Jeruk bali, segar",DABM-1964,48.0,0.6,0.2,12.4,0.8,0
ER092,Pisang tujuh bulan,KZGMI-2001,94.0,0.6,0.2,22.5,3.7,0
DR132,"Pepare ular, segar",KZGMI-2001,19.0,0.6,0.1,3.9,1.0,0
DR123,"Labu siam, segar",DABM-1964,30.0,0.6,0.1,6.7,6.2,0
BP057,Sagu forno,KZGMI-2001,291.0,0.5,4.0,63.4,0.0,2
BP059,Sagu manis,KZGMI-2001,287.0,0.5,3.9,62.4,0.0,2
BP030,Gurandil,KZGPI- 1990,218.0,0.5,2.5,48.5,3.1,0
BP029,Getuk singkong,KZGPI- 1990,204.0,0.5,1.4,47.4,0.8,0
ER104,"Sawo Manila, segar",DABM-1964,92.0,0.5,1.1,22.4,9.5,0
ER003,"Apel malang, segar",KZGPI- 1990,57.0,0.5,0.4,12.8,0.8,0
ER063,"Mangga muda, segar",DABM-1964,59.0,0.5,0.4,15.1,0.0,0
BR028,"Ubi jalar, kuning, segar",KZGMI-2001,119.0,0.5,0.4,25.1,4.2,0
BR032,Ubi jalar tinta/kemayung,KZGMI-2001,108.0,0.5,0.4,25.6,4.2,0
AR017,"Bihun Jagung, mentah",BKP,354.0,0.5,0.3,87.4,3.0,2
DR110,"Ketimun krai, segar",KZGPI-1990,10.0,0.5,0.2,2.0,0.6,0
ER002,"Anggur hutan, segar",KZGPI- 1990,30.0,0.5,0.2,6.8,1.2,0
ER105,"Semangka, segar",DABM-1964,28.0,0.5,0.2,6.9,0.4,0
ER040,"Jeruk nipis, segar",KZGPI- 1990,44.0,0.5,0.2,10.0,0.4,0
ER044,"Kedondong, segar",KZGMI-2001,47.0,0.5,0.2,10.4,2.7,0
ER057,"Mangga golek, segar",DABM-1964,63.0,0.5,0.2,16.7,2.3,0
ER096,"Rambutan binjai, segar",KZGMI-2001,76.0,0.5,0.2,18.0,3.8,0
DR111,"Ketimun madura, segar",KZGPI-1990,9.0,0.5,0.1,1.9,0.7,0
ER073,"Pepaya, segar",DABM-1964,46.0,0.5,0.1,12.2,1.6,0
ER098,"Salak bali, segar",KZGPI- 1990,57.0,0.5,0.1,13.6,1.3,0
ER006,"Belimbing, segar",DABM-1964,36.0,0.4,0.4,8.8,3.2,0
BR031,"Ubi jalar putih, segar",KZGMI-2001,88.0,0.4,0.4,20.6,4.0,0
EP009,Rujak aceh,KZGMI-2001,82.0,0.4,0.3,19.7,2.4,0
DR120,"Kundur, segar",KZGMI-2001,22.0,0.4,0.2,4.7,1.3,0
ER053,"Lontar, segar",KZGPI- 1990,27.0,0.4,0.2,6.0,1.6,0
ER058,"Mangga harumanis, segar",DABM-1964,46.0,0.4,0.2,11.9,1.7,0
ER099,"Salak medan, segar",KZGMI-2001,55.0,0.4,0.2,12.8,3.2,0
ER060,"Mangga kopek, segar",DABM-1964,56.0,0.4,0.2,14.6,2.0,0
ER101,"Salak, segar",DABM-1964,77.0,0.4,0.0,20.9,0.0,0
BP052,Ongol-ongol sagu,KZGPI- 1990,111.0,0.3,2.7,21.2,0.3,0
ER004,"Apel, segar",DABM-1964,58.0,0.3,0.4,14.9,2.6,0
ER038,"Jeruk Kalamansi, segar",BKP,39.0,0.3,0.3,8.9,2.3,0
BP067,"Tepung kentang, kering",DABM- 1964,347.0,0.3,0.1,85.6,0.4,2
BP050,Mie Bendo,BKP,353.0,0.3,0.0,88.0,2.4,2
BP023,Bubur sagu,KZGMI-2001,167.0,0.2,4.0,33.0,0.0,0
BP049,Mi golosor,KZGPI- 1990,71.0,0.2,0.8,15.9,0.1,0
BP051,Mie Sagu,BKP,190.0,0.2,0.4,46.5,1.4,0
DR109,"Ketimun, segar",KZGPI-1990,8.0,0.2,0.2,1.4,0.3,0
BP054,Papeda,KZGMI-2001,61.0,0.2,0.1,14.9,0.5,0
BP060,Sagu Rendang,BKP,364.0,0.1,0.2,90.5,1.9,2
